{
  "test_date": "2025-12-29 17:07:26",
  "cold_start": {
    "avg": 338.97995948791504,
    "median": 338.97995948791504,
    "min": 338.97995948791504,
    "max": 338.97995948791504,
    "stdev": 0,
    "p95": 338.97995948791504,
    "p99": 338.97995948791504,
    "rps": 2.95002690280176
  },
  "warm_cache": {
    "avg": 26.35573387145996,
    "median": 29.78527545928955,
    "min": 6.994724273681641,
    "max": 33.425092697143555,
    "stdev": 7.834736537680278,
    "p95": 32.78613090515137,
    "p99": 33.425092697143555,
    "rps": 37.94240770820947
  },
  "cache_expired": {
    "avg": 31.712770462036133,
    "median": 31.712770462036133,
    "min": 31.712770462036133,
    "max": 31.712770462036133,
    "stdev": 0,
    "p95": 31.712770462036133,
    "p99": 31.712770462036133,
    "rps": 31.533038124093135
  },
  "speedup": 12.861715827802804
}